/*
SQLyog Community v13.2.0 (64 bit)
MySQL - 10.4.25-MariaDB : Database - businessdt_db
*********************************************************************
*/

/*!40101 SET NAMES utf8 */;

/*!40101 SET SQL_MODE=''*/;

/*!40014 SET @OLD_UNIQUE_CHECKS=@@UNIQUE_CHECKS, UNIQUE_CHECKS=0 */;
/*!40014 SET @OLD_FOREIGN_KEY_CHECKS=@@FOREIGN_KEY_CHECKS, FOREIGN_KEY_CHECKS=0 */;
/*!40101 SET @OLD_SQL_MODE=@@SQL_MODE, SQL_MODE='NO_AUTO_VALUE_ON_ZERO' */;
/*!40111 SET @OLD_SQL_NOTES=@@SQL_NOTES, SQL_NOTES=0 */;
CREATE DATABASE /*!32312 IF NOT EXISTS*/`businessdt_db` /*!40100 DEFAULT CHARACTER SET utf8mb4 */;

USE `businessdt_db`;

/*Table structure for table `act_history_tbl` */

DROP TABLE IF EXISTS `act_history_tbl`;

CREATE TABLE `act_history_tbl` (
  `time_inserted` timestamp NOT NULL DEFAULT current_timestamp(),
  `user_name` varchar(255) DEFAULT NULL,
  `user_action` varchar(255) DEFAULT NULL
) ENGINE=InnoDB DEFAULT CHARSET=utf8mb4;

/*Data for the table `act_history_tbl` */

insert  into `act_history_tbl`(`time_inserted`,`user_name`,`user_action`) values 
('2023-05-01 18:02:05','Robert Atibagos','Added data (REG231)'),
('2023-05-01 18:03:19','Robert Atibagos','Imported CSV file'),
('2023-05-01 18:04:24','Robert Atibagos','Exported data. File name:records.csv'),
('2023-05-01 18:06:51','Robert Atibagos','Updated data (REG152)'),
('2023-05-01 18:07:22','Robert Atibagos','Archived data (REG152)'),
('2023-05-01 18:08:49','Robert Atibagos','Restored data (REG152)');

/*Table structure for table `archv_businessdt_tbl` */

DROP TABLE IF EXISTS `archv_businessdt_tbl`;

CREATE TABLE `archv_businessdt_tbl` (
  `REG_ID` varchar(100) NOT NULL,
  `BUSINESS_NAME` varchar(255) NOT NULL,
  `TAXPAYER` varchar(255) NOT NULL,
  `TYPE` varchar(255) NOT NULL,
  `ADDRESS` varchar(255) NOT NULL,
  `BARANGAY` varchar(255) NOT NULL,
  `BUSINESS_LINE` varchar(255) NOT NULL,
  `ACTIVITY` varchar(255) NOT NULL,
  `REG_DATE` date NOT NULL,
  `time_inserted` timestamp NOT NULL DEFAULT current_timestamp(),
  PRIMARY KEY (`REG_ID`)
) ENGINE=InnoDB DEFAULT CHARSET=utf8mb4;

/*Data for the table `archv_businessdt_tbl` */

insert  into `archv_businessdt_tbl`(`REG_ID`,`BUSINESS_NAME`,`TAXPAYER`,`TYPE`,`ADDRESS`,`BARANGAY`,`BUSINESS_LINE`,`ACTIVITY`,`REG_DATE`,`time_inserted`) values 
('REG231','ACE FOODS, INC.','ACCENT REALTY DEVELOPMENT CORPORATION','Corporation','5 JUAN LUNA ST.','BANGKAL','REAL ESTATE DEALER; REAL ESTATE LESSOR-COMMERCIAL; SERVICES - OTHER CONTRACTOR','GEN. MERCHANDISE-ESSENTIAL; GEN. MERCHANDISE-NON ESSENTIAL','2023-05-01','2023-05-01 18:02:05'),
('REG2315','ASIAN APPRAISAL CO. INC.','ASIAN APPRAISAL CO. INC.','','G/F 2735 ZENAIDA ST.','','SERVICES - OTHER CONTRACTOR','SERVICES - OTHER CONTRACTOR','0000-00-00','2023-05-01 18:03:19'),
('REG2421','ANILA, HELEN A.','ANILA HELEN A.','SINGLE PROPRIETORSHIP','1276 BO. VISAYA ST.','GUADALUPE NUEVO','REAL ESTATE LESSOR-RESIDENTIAL','REAL ESTATE LESSOR-RESIDENTIAL','0000-00-00','2023-05-01 18:03:19'),
('REG2611','ANILA, HELEN A.','ANILA HELEN A.','SINGLE PROPRIETORSHIP','1276 BO. VISAYA ST.','GUADALUPE NUEVO','REAL ESTATE LESSOR-RESIDENTIAL','REAL ESTATE LESSOR-RESIDENTIAL','0000-00-00','2023-05-01 18:03:19'),
('REG411','ACCENT REALTY DEVELOPMENT CORPORATION','ACCENT REALTY DEVELOPMENT CORPORATION','CORPORATION','5 JUAN LUNA ST.','SAN LORENZO ','REAL ESTATE DEALER; REAL ESTATE LESSOR-COMMERCIAL; SERVICES - OTHER CONTRACTOR','PARKING SERVICES; REAL ESTATE DEALER; REAL ESTATE LESSOR-COMMERCIAL','0000-00-00','2023-05-01 18:03:19');

/*Table structure for table `businessdt_tbl` */

DROP TABLE IF EXISTS `businessdt_tbl`;

CREATE TABLE `businessdt_tbl` (
  `REG_ID` varchar(100) NOT NULL,
  `BUSINESS_NAME` varchar(255) NOT NULL,
  `TAXPAYER` varchar(255) NOT NULL,
  `TYPE` varchar(255) NOT NULL,
  `ADDRESS` varchar(255) NOT NULL,
  `BARANGAY` varchar(255) NOT NULL,
  `BUSINESS_LINE` varchar(255) NOT NULL,
  `ACTIVITY` varchar(255) NOT NULL,
  `REG_DATE` varchar(100) NOT NULL,
  `time_inserted` timestamp NOT NULL DEFAULT current_timestamp(),
  PRIMARY KEY (`REG_ID`)
) ENGINE=InnoDB DEFAULT CHARSET=utf8mb4;

/*Data for the table `businessdt_tbl` */

insert  into `businessdt_tbl`(`REG_ID`,`BUSINESS_NAME`,`TAXPAYER`,`TYPE`,`ADDRESS`,`BARANGAY`,`BUSINESS_LINE`,`ACTIVITY`,`REG_DATE`,`time_inserted`) values 
('REG1312','ARAMRO ENTERPRISES, INC.','ARAMRO ENTERPRISES, INC.','CORPORATION','GLORIETTA 201 AYALA MALL','SAN LORENZO ','RETAILER -NON ESSENTIAL; SERVICES - OTHER CONTRACTOR','RETAILER -NON ESSENTIAL; SERVICE- WATCH REPAIR','1/1/1975','2023-05-01 18:03:19'),
('REG1514','ASIAN APPRAISAL CO. INC.','ASIAN APPRAISAL CO. INC.','','G/F 2735 ZENAIDA ST.','','SERVICES - OTHER CONTRACTOR','SERVICES - OTHER CONTRACTOR','1/1/1975','2023-05-01 18:03:19'),
('REG152','ACE FOODS, INC.','ACE FOODS, INC.','Corporation','151 PASEO DE ROXAS','SAN LORENZO ','RETAILER -NON ESSENTIAL; RETAILER-ESSENTIAL','GEN. MERCHANDISE-ESSENTIAL; GEN. MERCHANDISE-NON ESSENTIAL','2023-05-01','2023-05-01 18:03:19'),
('REG1619','ASIAN APPRAISAL CO. INC.','ASIAN APPRAISAL CO. INC.','','G/F 2735 ZENAIDA ST.','','SERVICES - OTHER CONTRACTOR','SERVICES - OTHER CONTRACTOR','1/1/1975','2023-05-01 18:03:19'),
('REG259','AMON FOUNDATION, INC.','AMON FOUNDATION, INC.','CORPORATION','UNIT 709 AYALA TRIANGLE GARDENS TOWER 2 PASEO DE ROXAS COR. MAKATI AVE.,','BEL-AIR ','OFFICE SPACE(MP/SF-FIXED)','NON-STOCK/PROFIT ORGANIZATION','1/1/1975','2023-05-01 18:03:19'),
('REG2813','ARCHITECTURAL CENTRE CLUB, INC.','ARCHITECTURAL CENTRE CLUB, INC.','','6082 PALMA ST.','','OFFICE SPACE(MP/SF-FIXED)','MEMBERSHIP CLUB','1/1/1975','2023-05-01 18:03:19'),
('REG3328','ASIAN APPRAISAL CO. INC.','ASIAN APPRAISAL CO. INC.','','G/F 2735 ZENAIDA ST.','','SERVICES - OTHER CONTRACTOR','SERVICES - OTHER CONTRACTOR','1/1/1975','2023-05-01 18:03:19'),
('REG3524','ASIAN APPRAISAL CO. INC.','ASIAN APPRAISAL CO. INC.','','G/F 2735 ZENAIDA ST.','','SERVICES - OTHER CONTRACTOR','SERVICES - OTHER CONTRACTOR','1/1/1975','2023-05-01 18:03:19'),
('REG4329','ASIAN APPRAISAL CO. INC.','ASIAN APPRAISAL CO. INC.','','G/F 2735 ZENAIDA ST.','','SERVICES - OTHER CONTRACTOR','SERVICES - OTHER CONTRACTOR','1/1/1975','2023-05-01 18:03:19'),
('REG4418','ASIAN APPRAISAL CO. INC.','ASIAN APPRAISAL CO. INC.','','G/F 2735 ZENAIDA ST.','','SERVICES - OTHER CONTRACTOR','SERVICES - OTHER CONTRACTOR','1/1/1975','2023-05-01 18:03:19'),
('REG5610','AMON TRADING CORP.','AMON TRADING CORP.','CORPORATION','UNIT 709 AYALA TRIANGLE GARDENS TOWER 2 - PASEO DE ROXAS COR. MAKATI AVE.','BEL-AIR ','IMPORTER - NON ESSENTIAL; REAL ESTATE LESSOR-COMMERCIAL; RETAILER -NON ESSENTIAL; RETAILER-ESSENTIAL; SERVICES - OTHER CONTRACTOR','COMMERCIAL BROKER; GEN. MDSE.- CEMENT; GEN. MERCHANDISE-NON ESSENTIAL; IMPORTER - NON ESSENTIAL; REAL ESTATE LESSOR','1/1/1975','2023-05-01 18:03:19'),
('REG567','AMALGAMATED PROJECT MGT. SERVICES INC.','AMALGAMATED PROJECT MGT. SERVICES INC.','CORPORATION','G/F 2735 ZENAIDA ST.','POBLACION','SERVICES - OTHER CONTRACTOR','SERVICES - OTHER CONTRACTOR','1/1/1975','2023-05-01 18:03:19'),
('REG576','ALMEDA, JUAN','ALMEDA, JUAN G.','SINGLE PROPRIETORSHIP','7772 ST. PAUL ROAD,','SAN ANTONIO','REAL ESTATE LESSOR-RESIDENTIAL','6 DOORS RES.','1/1/1975','2023-05-01 18:03:19'),
('REG5922','ARAMRO ENTERPRISES, INC.','ARAMRO ENTERPRISES, INC.','CORPORATION','GLORIETTA 201 AYALA MALL','SAN LORENZO ','RETAILER -NON ESSENTIAL; SERVICES - OTHER CONTRACTOR','RETAILER -NON ESSENTIAL; SERVICE- WATCH REPAIR','1/1/1975','2023-05-01 18:03:19'),
('REG5925','ASIAN APPRAISAL CO. INC.','ASIAN APPRAISAL CO. INC.','','G/F 2735 ZENAIDA ST.','','SERVICES - OTHER CONTRACTOR','SERVICES - OTHER CONTRACTOR','1/1/1975','2023-05-01 18:03:19'),
('REG623','AEA-ANI REALTY CORPORATION','AEA-ANI REALTY CORPORATION','CORPORATION','AYALA NORTH EXCHANGE TOWER 1, AYALA AVE.COR. SALCEDO & AMORSOLO STS.,','SAN LORENZO ','REAL ESTATE LESSOR-COMMERCIAL','LESSOR (LOT ONLY)','1/1/1975','2023-05-01 18:03:19'),
('REG6723','ARCHITECTURAL CENTRE CLUB, INC.','ARCHITECTURAL CENTRE CLUB, INC.','','6082 PALMA ST.','','OFFICE SPACE(MP/SF-FIXED)','MEMBERSHIP CLUB','1/1/1975','2023-05-01 18:03:19'),
('REG7220','AMON TRADING CORP.','AMON TRADING CORP.','CORPORATION','UNIT 709 AYALA TRIANGLE GARDENS TOWER 2 - PASEO DE ROXAS COR. MAKATI AVE.','BEL-AIR ','IMPORTER - NON ESSENTIAL; REAL ESTATE LESSOR-COMMERCIAL; RETAILER -NON ESSENTIAL; RETAILER-ESSENTIAL; SERVICES - OTHER CONTRACTOR','COMMERCIAL BROKER; GEN. MDSE.- CEMENT; GEN. MERCHANDISE-NON ESSENTIAL; IMPORTER - NON ESSENTIAL; REAL ESTATE LESSOR','1/1/1975','2023-05-01 18:03:19'),
('REG778','AMES REALTY DEV. CORP.','AMES REALTY DEV. CORP.','CORPORATION','TORRE DE SALCEDO BLDG 186 SALCEDO ST.','SAN LORENZO ','REAL ESTATE LESSOR-COMMERCIAL','15 CONDOMINIUM UNITS','1/1/1975','2023-05-01 18:03:19'),
('REG7917','ASIAN APPRAISAL CO. INC.','ASIAN APPRAISAL CO. INC.','','G/F 2735 ZENAIDA ST.','','SERVICES - OTHER CONTRACTOR','SERVICES - OTHER CONTRACTOR','1/1/1975','2023-05-01 18:03:19'),
('REG794','ALEGRIA DEV. CORP.','ALEGRIA DEV. CORP.','CORPORATION','ALEGRIA BLDG., 2229 CHINO ROCES AVE.,','BANGKAL','REAL ESTATE LESSOR-COMMERCIAL','REAL ESTATE LESSOR-COMMERCIAL','1/1/1975','2023-05-01 18:03:19'),
('REG8116','ASIAN APPRAISAL CO. INC.','ASIAN APPRAISAL CO. INC.','','G/F 2735 ZENAIDA ST.','','SERVICES - OTHER CONTRACTOR','SERVICES - OTHER CONTRACTOR','1/1/1975','2023-05-01 18:03:19'),
('REG8126','ASIAN APPRAISAL CO. INC.','ASIAN APPRAISAL CO. INC.','','G/F 2735 ZENAIDA ST.','','SERVICES - OTHER CONTRACTOR','SERVICES - OTHER CONTRACTOR','1/1/1975','2023-05-01 18:03:19'),
('REG845','ALMAZAN, CIPRIANO','ALMAZAN CIPRIANO','SINGLE PROPRIETORSHIP','1549 GALVANI ST.','SAN ISIDRO','REAL ESTATE LESSOR-RESIDENTIAL','3 DRS. APT','1/1/1975','2023-05-01 18:03:19'),
('REG9827','ASIAN APPRAISAL CO. INC.','ASIAN APPRAISAL CO. INC.','','G/F 2735 ZENAIDA ST.','','SERVICES - OTHER CONTRACTOR','SERVICES - OTHER CONTRACTOR','1/1/1975','2023-05-01 18:03:19');

/*Table structure for table `login_user` */

DROP TABLE IF EXISTS `login_user`;

CREATE TABLE `login_user` (
  `id` int(10) NOT NULL,
  `name` varchar(255) DEFAULT NULL,
  `user_name` varchar(255) DEFAULT NULL,
  `password` varchar(255) DEFAULT NULL,
  PRIMARY KEY (`id`)
) ENGINE=InnoDB DEFAULT CHARSET=utf8mb4;

/*Data for the table `login_user` */

insert  into `login_user`(`id`,`name`,`user_name`,`password`) values 
(1,'Robert Atibagos','robert','123'),
(2,'Karyle Santos','karyle','321');

/*Table structure for table `members` */

DROP TABLE IF EXISTS `members`;

CREATE TABLE `members` (
  `id` int(11) NOT NULL AUTO_INCREMENT,
  `name` varchar(50) COLLATE utf8_unicode_ci NOT NULL,
  `email` varchar(50) COLLATE utf8_unicode_ci NOT NULL,
  `phone` varchar(15) COLLATE utf8_unicode_ci NOT NULL,
  `created` datetime NOT NULL,
  `modified` datetime NOT NULL,
  `status` enum('Active','Inactive') COLLATE utf8_unicode_ci NOT NULL DEFAULT 'Active',
  PRIMARY KEY (`id`)
) ENGINE=InnoDB AUTO_INCREMENT=7 DEFAULT CHARSET=utf8 COLLATE=utf8_unicode_ci;

/*Data for the table `members` */

insert  into `members`(`id`,`name`,`email`,`phone`,`created`,`modified`,`status`) values 
(1,'John Doe','john.doe@gmail.com','123-456-7890','2023-05-01 00:26:25','2023-05-01 00:26:25','Active'),
(2,'Gary Riley','gary@hotmail.com','434-506-6483','2023-05-01 00:26:25','2023-05-01 00:26:25','Inactive'),
(3,'Edward Siu','siu.edward@gmail.com','986-438-0040','2023-05-01 00:26:25','2023-05-01 00:26:25','Active'),
(4,'Betty Simons','simons@example.com','439-405-2345','2023-05-01 00:26:25','2023-05-01 00:26:25','Active'),
(5,'Frances Lieberman','lieberman@gmail.com','765-980-0543','2023-05-01 00:26:25','2023-05-01 00:26:25','Inactive'),
(6,'Jason Gregson','jason@example.com','567-859-0485','2023-05-01 00:26:25','2023-05-01 00:26:25','Active');

/*Table structure for table `samp_tbl` */

DROP TABLE IF EXISTS `samp_tbl`;

CREATE TABLE `samp_tbl` (
  `ID` varchar(255) NOT NULL,
  `BUSINESS_NAME` varchar(255) DEFAULT NULL,
  `TAXPAYER` varchar(255) DEFAULT NULL,
  `TYPE` varchar(255) DEFAULT NULL,
  `ADDRESS` varchar(255) DEFAULT NULL,
  `BARANGAY` varchar(255) DEFAULT NULL,
  `BUSINESS_LINE` varchar(255) DEFAULT NULL,
  `ACTIVITY` varchar(255) DEFAULT NULL,
  `REGDATE` varchar(255) DEFAULT NULL,
  PRIMARY KEY (`ID`)
) ENGINE=InnoDB DEFAULT CHARSET=utf8mb4;

/*Data for the table `samp_tbl` */

insert  into `samp_tbl`(`ID`,`BUSINESS_NAME`,`TAXPAYER`,`TYPE`,`ADDRESS`,`BARANGAY`,`BUSINESS_LINE`,`ACTIVITY`,`REGDATE`) values 
('REG1312','ARAMRO ENTERPRISES, INC.','ARAMRO ENTERPRISES, INC.','CORPORATION','GLORIETTA 201 AYALA MALL','SAN LORENZO ','RETAILER -NON ESSENTIAL; SERVICES - OTHER CONTRACTOR','RETAILER -NON ESSENTIAL; SERVICE- WATCH REPAIR','1/1/1975'),
('REG1514','ASIAN APPRAISAL CO. INC.','ASIAN APPRAISAL CO. INC.','','G/F 2735 ZENAIDA ST.','','SERVICES - OTHER CONTRACTOR','SERVICES - OTHER CONTRACTOR','1/1/1975'),
('REG152','ACE FOODS, INC.','ACE FOODS, INC.','CORPORATION','151 PASEO DE ROXAS','SAN LORENZO ','RETAILER -NON ESSENTIAL; RETAILER-ESSENTIAL','GEN. MERCHANDISE-ESSENTIAL; GEN. MERCHANDISE-NON ESSENTIAL','1/1/1975'),
('REG1619','ASIAN APPRAISAL CO. INC.','ASIAN APPRAISAL CO. INC.','','G/F 2735 ZENAIDA ST.','','SERVICES - OTHER CONTRACTOR','SERVICES - OTHER CONTRACTOR','1/1/1975'),
('REG2315','ASIAN APPRAISAL CO. INC.','ASIAN APPRAISAL CO. INC.','','G/F 2735 ZENAIDA ST.','','SERVICES - OTHER CONTRACTOR','SERVICES - OTHER CONTRACTOR','1/1/1975'),
('REG2421','ANILA, HELEN A.','ANILA HELEN A.','SINGLE PROPRIETORSHIP','1276 BO. VISAYA ST.','GUADALUPE NUEVO','REAL ESTATE LESSOR-RESIDENTIAL','REAL ESTATE LESSOR-RESIDENTIAL','1/1/1975'),
('REG259','AMON FOUNDATION, INC.','AMON FOUNDATION, INC.','CORPORATION','UNIT 709 AYALA TRIANGLE GARDENS TOWER 2 PASEO DE ROXAS COR. MAKATI AVE.,','BEL-AIR ','OFFICE SPACE(MP/SF-FIXED)','NON-STOCK/PROFIT ORGANIZATION','1/1/1975'),
('REG2611','ANILA, HELEN A.','ANILA HELEN A.','SINGLE PROPRIETORSHIP','1276 BO. VISAYA ST.','GUADALUPE NUEVO','REAL ESTATE LESSOR-RESIDENTIAL','REAL ESTATE LESSOR-RESIDENTIAL','1/1/1975'),
('REG2813','ARCHITECTURAL CENTRE CLUB, INC.','ARCHITECTURAL CENTRE CLUB, INC.','','6082 PALMA ST.','','OFFICE SPACE(MP/SF-FIXED)','MEMBERSHIP CLUB','1/1/1975'),
('REG3328','ASIAN APPRAISAL CO. INC.','ASIAN APPRAISAL CO. INC.','','G/F 2735 ZENAIDA ST.','','SERVICES - OTHER CONTRACTOR','SERVICES - OTHER CONTRACTOR','1/1/1975'),
('REG3524','ASIAN APPRAISAL CO. INC.','ASIAN APPRAISAL CO. INC.','','G/F 2735 ZENAIDA ST.','','SERVICES - OTHER CONTRACTOR','SERVICES - OTHER CONTRACTOR','1/1/1975'),
('REG411','ACCENT REALTY DEVELOPMENT CORPORATION','ACCENT REALTY DEVELOPMENT CORPORATION','CORPORATION','5 JUAN LUNA ST.','SAN LORENZO ','REAL ESTATE DEALER; REAL ESTATE LESSOR-COMMERCIAL; SERVICES - OTHER CONTRACTOR','PARKING SERVICES; REAL ESTATE DEALER; REAL ESTATE LESSOR-COMMERCIAL','1/1/1975'),
('REG4329','ASIAN APPRAISAL CO. INC.','ASIAN APPRAISAL CO. INC.','','G/F 2735 ZENAIDA ST.','','SERVICES - OTHER CONTRACTOR','SERVICES - OTHER CONTRACTOR','1/1/1975'),
('REG4418','ASIAN APPRAISAL CO. INC.','ASIAN APPRAISAL CO. INC.','','G/F 2735 ZENAIDA ST.','','SERVICES - OTHER CONTRACTOR','SERVICES - OTHER CONTRACTOR','1/1/1975'),
('REG5610','AMON TRADING CORP.','AMON TRADING CORP.','CORPORATION','UNIT 709 AYALA TRIANGLE GARDENS TOWER 2 - PASEO DE ROXAS COR. MAKATI AVE.','BEL-AIR ','IMPORTER - NON ESSENTIAL; REAL ESTATE LESSOR-COMMERCIAL; RETAILER -NON ESSENTIAL; RETAILER-ESSENTIAL; SERVICES - OTHER CONTRACTOR','COMMERCIAL BROKER; GEN. MDSE.- CEMENT; GEN. MERCHANDISE-NON ESSENTIAL; IMPORTER - NON ESSENTIAL; REAL ESTATE LESSOR','1/1/1975'),
('REG567','AMALGAMATED PROJECT MGT. SERVICES INC.','AMALGAMATED PROJECT MGT. SERVICES INC.','CORPORATION','G/F 2735 ZENAIDA ST.','POBLACION','SERVICES - OTHER CONTRACTOR','SERVICES - OTHER CONTRACTOR','1/1/1975'),
('REG576','ALMEDA, JUAN','ALMEDA, JUAN G.','SINGLE PROPRIETORSHIP','7772 ST. PAUL ROAD,','SAN ANTONIO','REAL ESTATE LESSOR-RESIDENTIAL','6 DOORS RES.','1/1/1975'),
('REG5922','ARAMRO ENTERPRISES, INC.','ARAMRO ENTERPRISES, INC.','CORPORATION','GLORIETTA 201 AYALA MALL','SAN LORENZO ','RETAILER -NON ESSENTIAL; SERVICES - OTHER CONTRACTOR','RETAILER -NON ESSENTIAL; SERVICE- WATCH REPAIR','1/1/1975'),
('REG5925','ASIAN APPRAISAL CO. INC.','ASIAN APPRAISAL CO. INC.','','G/F 2735 ZENAIDA ST.','','SERVICES - OTHER CONTRACTOR','SERVICES - OTHER CONTRACTOR','1/1/1975'),
('REG623','AEA-ANI REALTY CORPORATION','AEA-ANI REALTY CORPORATION','CORPORATION','AYALA NORTH EXCHANGE TOWER 1, AYALA AVE.COR. SALCEDO & AMORSOLO STS.,','SAN LORENZO ','REAL ESTATE LESSOR-COMMERCIAL','LESSOR (LOT ONLY)','1/1/1975'),
('REG6723','ARCHITECTURAL CENTRE CLUB, INC.','ARCHITECTURAL CENTRE CLUB, INC.','','6082 PALMA ST.','','OFFICE SPACE(MP/SF-FIXED)','MEMBERSHIP CLUB','1/1/1975'),
('REG7220','AMON TRADING CORP.','AMON TRADING CORP.','CORPORATION','UNIT 709 AYALA TRIANGLE GARDENS TOWER 2 - PASEO DE ROXAS COR. MAKATI AVE.','BEL-AIR ','IMPORTER - NON ESSENTIAL; REAL ESTATE LESSOR-COMMERCIAL; RETAILER -NON ESSENTIAL; RETAILER-ESSENTIAL; SERVICES - OTHER CONTRACTOR','COMMERCIAL BROKER; GEN. MDSE.- CEMENT; GEN. MERCHANDISE-NON ESSENTIAL; IMPORTER - NON ESSENTIAL; REAL ESTATE LESSOR','1/1/1975'),
('REG778','AMES REALTY DEV. CORP.','AMES REALTY DEV. CORP.','CORPORATION','TORRE DE SALCEDO BLDG 186 SALCEDO ST.','SAN LORENZO ','REAL ESTATE LESSOR-COMMERCIAL','15 CONDOMINIUM UNITS','1/1/1975'),
('REG7917','ASIAN APPRAISAL CO. INC.','ASIAN APPRAISAL CO. INC.','','G/F 2735 ZENAIDA ST.','','SERVICES - OTHER CONTRACTOR','SERVICES - OTHER CONTRACTOR','1/1/1975'),
('REG794','ALEGRIA DEV. CORP.','ALEGRIA DEV. CORP.','CORPORATION','ALEGRIA BLDG., 2229 CHINO ROCES AVE.,','BANGKAL','REAL ESTATE LESSOR-COMMERCIAL','REAL ESTATE LESSOR-COMMERCIAL','1/1/1975'),
('REG8116','ASIAN APPRAISAL CO. INC.','ASIAN APPRAISAL CO. INC.','','G/F 2735 ZENAIDA ST.','','SERVICES - OTHER CONTRACTOR','SERVICES - OTHER CONTRACTOR','1/1/1975'),
('REG8126','ASIAN APPRAISAL CO. INC.','ASIAN APPRAISAL CO. INC.','','G/F 2735 ZENAIDA ST.','','SERVICES - OTHER CONTRACTOR','SERVICES - OTHER CONTRACTOR','1/1/1975'),
('REG845','ALMAZAN, CIPRIANO','ALMAZAN CIPRIANO','SINGLE PROPRIETORSHIP','1549 GALVANI ST.','SAN ISIDRO','REAL ESTATE LESSOR-RESIDENTIAL','3 DRS. APT','1/1/1975'),
('REG9827','ASIAN APPRAISAL CO. INC.','ASIAN APPRAISAL CO. INC.','','G/F 2735 ZENAIDA ST.','','SERVICES - OTHER CONTRACTOR','SERVICES - OTHER CONTRACTOR','1/1/1975');

/*Table structure for table `try_tbl` */

DROP TABLE IF EXISTS `try_tbl`;

CREATE TABLE `try_tbl` (
  `ID` varchar(255) NOT NULL,
  `BUSINESS_NAME` varchar(255) DEFAULT NULL,
  `TAXPAYER` varchar(255) DEFAULT NULL,
  `TYPE` varchar(255) DEFAULT NULL,
  `ADDRESS` varchar(255) DEFAULT NULL,
  `BARANGAY` varchar(255) DEFAULT NULL,
  `BUSINESS_LINE` varchar(255) DEFAULT NULL,
  `ACTIVITY` varchar(255) DEFAULT NULL,
  `REGDATE` varchar(255) DEFAULT NULL,
  PRIMARY KEY (`ID`)
) ENGINE=InnoDB DEFAULT CHARSET=utf8mb4;

/*Data for the table `try_tbl` */

insert  into `try_tbl`(`ID`,`BUSINESS_NAME`,`TAXPAYER`,`TYPE`,`ADDRESS`,`BARANGAY`,`BUSINESS_LINE`,`ACTIVITY`,`REGDATE`) values 
('REG10010','AMON TRADING CORP.','AMON TRADING CORP.','CORPORATION','UNIT 709 AYALA TRIANGLE GARDENS TOWER 2 - PASEO DE ROXAS COR. MAKATI AVE.','BEL-AIR ','IMPORTER - NON ESSENTIAL; REAL ESTATE LESSOR-COMMERCIAL; RETAILER -NON ESSENTIAL; RETAILER-ESSENTIAL; SERVICES - OTHER CONTRACTOR','COMMERCIAL BROKER; GEN. MDSE.- CEMENT; GEN. MERCHANDISE-NON ESSENTIAL; IMPORTER - NON ESSENTIAL; REAL ESTATE LESSOR','1/1/1975'),
('REG118','AMES REALTY DEV. CORP.','AMES REALTY DEV. CORP.','CORPORATION','TORRE DE SALCEDO BLDG 186 SALCEDO ST.','SAN LORENZO ','REAL ESTATE LESSOR-COMMERCIAL','15 CONDOMINIUM UNITS','1/1/1975'),
('REG1525','ASIAN APPRAISAL CO. INC.','ASIAN APPRAISAL CO. INC.','','G/F 2735 ZENAIDA ST.','','SERVICES - OTHER CONTRACTOR','SERVICES - OTHER CONTRACTOR','1/1/1975'),
('REG1622','ARAMRO ENTERPRISES, INC.','ARAMRO ENTERPRISES, INC.','CORPORATION','GLORIETTA 201 AYALA MALL','SAN LORENZO ','RETAILER -NON ESSENTIAL; SERVICES - OTHER CONTRACTOR','RETAILER -NON ESSENTIAL; SERVICE- WATCH REPAIR','1/1/1975'),
('REG197','AMALGAMATED PROJECT MGT. SERVICES INC.','AMALGAMATED PROJECT MGT. SERVICES INC.','CORPORATION','G/F 2735 ZENAIDA ST.','POBLACION','SERVICES - OTHER CONTRACTOR','SERVICES - OTHER CONTRACTOR','1/1/1975'),
('REG2612','ARAMRO ENTERPRISES, INC.','ARAMRO ENTERPRISES, INC.','CORPORATION','GLORIETTA 201 AYALA MALL','SAN LORENZO ','RETAILER -NON ESSENTIAL; SERVICES - OTHER CONTRACTOR','RETAILER -NON ESSENTIAL; SERVICE- WATCH REPAIR','1/1/1975'),
('REG2728','ASIAN APPRAISAL CO. INC.','ASIAN APPRAISAL CO. INC.','','G/F 2735 ZENAIDA ST.','','SERVICES - OTHER CONTRACTOR','SERVICES - OTHER CONTRACTOR','1/1/1975'),
('REG3624','ASIAN APPRAISAL CO. INC.','ASIAN APPRAISAL CO. INC.','','G/F 2735 ZENAIDA ST.','','SERVICES - OTHER CONTRACTOR','SERVICES - OTHER CONTRACTOR','1/1/1975'),
('REG4119','ASIAN APPRAISAL CO. INC.','ASIAN APPRAISAL CO. INC.','','G/F 2735 ZENAIDA ST.','','SERVICES - OTHER CONTRACTOR','SERVICES - OTHER CONTRACTOR','1/1/1975'),
('REG4320','AMON TRADING CORP.','AMON TRADING CORP.','CORPORATION','UNIT 709 AYALA TRIANGLE GARDENS TOWER 2 - PASEO DE ROXAS COR. MAKATI AVE.','BEL-AIR ','IMPORTER - NON ESSENTIAL; REAL ESTATE LESSOR-COMMERCIAL; RETAILER -NON ESSENTIAL; RETAILER-ESSENTIAL; SERVICES - OTHER CONTRACTOR','COMMERCIAL BROKER; GEN. MDSE.- CEMENT; GEN. MERCHANDISE-NON ESSENTIAL; IMPORTER - NON ESSENTIAL; REAL ESTATE LESSOR','1/1/1975'),
('REG444','ALEGRIA DEV. CORP.','ALEGRIA DEV. CORP.','CORPORATION','ALEGRIA BLDG., 2229 CHINO ROCES AVE.,','BANGKAL','REAL ESTATE LESSOR-COMMERCIAL','REAL ESTATE LESSOR-COMMERCIAL','1/1/1975'),
('REG4511','ANILA, HELEN A.','ANILA HELEN A.','SINGLE PROPRIETORSHIP','1276 BO. VISAYA ST.','GUADALUPE NUEVO','REAL ESTATE LESSOR-RESIDENTIAL','REAL ESTATE LESSOR-RESIDENTIAL','1/1/1975'),
('REG4518','ASIAN APPRAISAL CO. INC.','ASIAN APPRAISAL CO. INC.','','G/F 2735 ZENAIDA ST.','','SERVICES - OTHER CONTRACTOR','SERVICES - OTHER CONTRACTOR','1/1/1975'),
('REG4627','ASIAN APPRAISAL CO. INC.','ASIAN APPRAISAL CO. INC.','','G/F 2735 ZENAIDA ST.','','SERVICES - OTHER CONTRACTOR','SERVICES - OTHER CONTRACTOR','1/1/1975'),
('REG471','ACCENT REALTY DEVELOPMENT CORPORATION','ACCENT REALTY DEVELOPMENT CORPORATION','CORPORATION','5 JUAN LUNA ST.','SAN LORENZO ','REAL ESTATE DEALER; REAL ESTATE LESSOR-COMMERCIAL; SERVICES - OTHER CONTRACTOR','PARKING SERVICES; REAL ESTATE DEALER; REAL ESTATE LESSOR-COMMERCIAL','1/1/1975'),
('REG525','ALMAZAN, CIPRIANO','ALMAZAN CIPRIANO','SINGLE PROPRIETORSHIP','1549 GALVANI ST.','SAN ISIDRO','REAL ESTATE LESSOR-RESIDENTIAL','3 DRS. APT','1/1/1975'),
('REG5323','ARCHITECTURAL CENTRE CLUB, INC.','ARCHITECTURAL CENTRE CLUB, INC.','','6082 PALMA ST.','','OFFICE SPACE(MP/SF-FIXED)','MEMBERSHIP CLUB','1/1/1975'),
('REG5816','ASIAN APPRAISAL CO. INC.','ASIAN APPRAISAL CO. INC.','','G/F 2735 ZENAIDA ST.','','SERVICES - OTHER CONTRACTOR','SERVICES - OTHER CONTRACTOR','1/1/1975'),
('REG583','AEA-ANI REALTY CORPORATION','AEA-ANI REALTY CORPORATION','CORPORATION','AYALA NORTH EXCHANGE TOWER 1, AYALA AVE.COR. SALCEDO & AMORSOLO STS.,','SAN LORENZO ','REAL ESTATE LESSOR-COMMERCIAL','LESSOR (LOT ONLY)','1/1/1975'),
('REG6013','ARCHITECTURAL CENTRE CLUB, INC.','ARCHITECTURAL CENTRE CLUB, INC.','','6082 PALMA ST.','','OFFICE SPACE(MP/SF-FIXED)','MEMBERSHIP CLUB','1/1/1975'),
('REG6217','ASIAN APPRAISAL CO. INC.','ASIAN APPRAISAL CO. INC.','','G/F 2735 ZENAIDA ST.','','SERVICES - OTHER CONTRACTOR','SERVICES - OTHER CONTRACTOR','1/1/1975'),
('REG636','ALMEDA, JUAN','ALMEDA, JUAN G.','SINGLE PROPRIETORSHIP','7772 ST. PAUL ROAD,','SAN ANTONIO','REAL ESTATE LESSOR-RESIDENTIAL','6 DOORS RES.','1/1/1975'),
('REG7515','ASIAN APPRAISAL CO. INC.','ASIAN APPRAISAL CO. INC.','','G/F 2735 ZENAIDA ST.','','SERVICES - OTHER CONTRACTOR','SERVICES - OTHER CONTRACTOR','1/1/1975'),
('REG7521','ANILA, HELEN A.','ANILA HELEN A.','SINGLE PROPRIETORSHIP','1276 BO. VISAYA ST.','GUADALUPE NUEVO','REAL ESTATE LESSOR-RESIDENTIAL','REAL ESTATE LESSOR-RESIDENTIAL','1/1/1975'),
('REG8326','ASIAN APPRAISAL CO. INC.','ASIAN APPRAISAL CO. INC.','','G/F 2735 ZENAIDA ST.','','SERVICES - OTHER CONTRACTOR','SERVICES - OTHER CONTRACTOR','1/1/1975'),
('REG879','AMON FOUNDATION, INC.','AMON FOUNDATION, INC.','CORPORATION','UNIT 709 AYALA TRIANGLE GARDENS TOWER 2 PASEO DE ROXAS COR. MAKATI AVE.,','BEL-AIR ','OFFICE SPACE(MP/SF-FIXED)','NON-STOCK/PROFIT ORGANIZATION','1/1/1975'),
('REG8914','ASIAN APPRAISAL CO. INC.','ASIAN APPRAISAL CO. INC.','','G/F 2735 ZENAIDA ST.','','SERVICES - OTHER CONTRACTOR','SERVICES - OTHER CONTRACTOR','1/1/1975'),
('REG9229','ASIAN APPRAISAL CO. INC.','ASIAN APPRAISAL CO. INC.','','G/F 2735 ZENAIDA ST.','','SERVICES - OTHER CONTRACTOR','SERVICES - OTHER CONTRACTOR','1/1/1975'),
('REG962','ACE FOODS, INC.','ACE FOODS, INC.','CORPORATION','151 PASEO DE ROXAS','SAN LORENZO ','RETAILER -NON ESSENTIAL; RETAILER-ESSENTIAL','GEN. MERCHANDISE-ESSENTIAL; GEN. MERCHANDISE-NON ESSENTIAL','1/1/1975');

/*Table structure for table `user_account_tbl` */

DROP TABLE IF EXISTS `user_account_tbl`;

CREATE TABLE `user_account_tbl` (
  `user_id` int(100) NOT NULL AUTO_INCREMENT,
  `user_name` varchar(255) DEFAULT NULL,
  `user_passwrd` varchar(255) DEFAULT NULL,
  PRIMARY KEY (`user_id`)
) ENGINE=InnoDB AUTO_INCREMENT=2 DEFAULT CHARSET=utf8mb4;

/*Data for the table `user_account_tbl` */

insert  into `user_account_tbl`(`user_id`,`user_name`,`user_passwrd`) values 
(1,'user1','password1');

/*!40101 SET SQL_MODE=@OLD_SQL_MODE */;
/*!40014 SET FOREIGN_KEY_CHECKS=@OLD_FOREIGN_KEY_CHECKS */;
/*!40014 SET UNIQUE_CHECKS=@OLD_UNIQUE_CHECKS */;
/*!40111 SET SQL_NOTES=@OLD_SQL_NOTES */;
